100938991,1,Person,ZZZ,ZZZZZZZZZZZZZZZZZZZZZZZZZZZZ,ZZZZZZZZZZZZZZZZ,NULL,NULL,NULL,NULL,NULL
100942119,1,Person,ZZZZ,ZZZZZZZZZZZZZZZZZZZZZZZ,ZZZZZZZZZZZZZZZZ,NULL,NULL,NULL,NULL,NULL
100937189,1,Person,ZZZZ,ZZZZZZZZZZZZZZZZZZZZZ,ZZZZZZZZZZZZZZZZ,NULL,NULL,NULL,NULL,NULL
100938177,1,Person,ZZZZ,ZZZZZZZZZZZZZZZZZZ,ZZZZZZZZZZZZZZZZ,NULL,NULL,NULL,NULL,NULL
100942763,1,Person,ZZZZZZZ,ZZZZZZZZZZZZZZZZZ,ZZZZZZZZZZZZZZZZ,NULL,NULL,NULL,NULL,NULL
100945188,1,Person,ZZZZZ,ZZZZZZZZZZZZZZZZ,ZZZZZZZZZZZZZZZZ,NULL,NULL,NULL,NULL,NULL
100949553,1,Person,ZZ,ZZZZZZZZZZZZZZZZ,ZZZZZZZZZZZZZZZZ,NULL,NULL,NULL,NULL,NULL
100942377,1,Person,ZZZZ,ZZZZZZZZZZZZZZZ,ZZZZZZZZZZZZZZZ,NULL,NULL,NULL,NULL,NULL
100943626,1,Person,ZZZZZZZ,ZZZZZZZZZZZZZZZ,ZZZZZZZZZZZZZZZ,NULL,NULL,NULL,NULL,NULL
100948401,1,Person,ZZZZZZ,ZZZZZZZZZZZZZZZ,ZZZZZZZZZZZZZZZ,NULL,NULL,NULL,NULL,NULL
100946275,1,Person,ZZZZZZZ,ZZZZZZZZZZZZZZZ,ZZZZZZZZZZZZZZZ,NULL,NULL,NULL,NULL,NULL
100948712,1,Person,ZZZZZ,ZZZZZZZZZZZZZZ,ZZZZZZZZZZZZZZ,NULL,NULL,NULL,NULL,NULL
100944823,1,Person,ZZZZ,ZZZZZZZZZZZZZZ,ZZZZZZZZZZZZZZ,NULL,NULL,NULL,NULL,NULL
100949667,1,Person,ZZ,ZZZZZZZZZZZZZZ,ZZZZZZZZZZZZZZ,NULL,NULL,NULL,NULL,NULL
100949267,1,Person,ZZZZZZ,ZZZZZZZZZZZZZZ,ZZZZZZZZZZZZZZ,NULL,NULL,NULL,NULL,NULL
100947910,1,Person,ZZZZZZZZZZZZZ,ZZZZZZZZZZZZZ,ZZZZZZZZZZZZZ,NULL,NULL,NULL,NULL,NULL
100951161,1,Person,ZZZZZZZ,ZZZZZZZZZZZZZ,ZZZZZZZZZZZZZ,NULL,NULL,NULL,NULL,NULL
100937003,1,Person,ZZ,ZZZZZZZZZZZZZ,ZZZZZZZZZZZZZ,NULL,NULL,NULL,NULL,NULL
100944637,1,Person,ZZZZ,ZZZZZZZZZZZZ,ZZZZZZZZZZZZ,NULL,NULL,NULL,NULL,NULL
100946144,1,Person,ZZ,ZZZZZZZZZZZZ,ZZZZZZZZZZZZ,NULL,NULL,NULL,NULL,NULL
100949918,1,Person,ZZZZZZZZZZZZZZ,ZZZZZZZZZZZZ,ZZZZZZZZZZZZ,NULL,NULL,NULL,NULL,NULL
100946725,1,Person,ZZZZZZ,ZZZZZZZZZZZZ,ZZZZZZZZZZZZ,NULL,NULL,NULL,NULL,NULL
100949805,1,Person,ZZZZZZ,ZZZZZZZZZZZZ,ZZZZZZZZZZZZ,NULL,NULL,NULL,NULL,NULL
100937264,1,Person,ZZZZZZZZZZZZ,ZZZZZZZZZZZZ,ZZZZZZZZZZZZ,NULL,NULL,NULL,NULL,NULL
100946515,1,Person,ZZZ,ZZZZZZZZZZZZ,ZZZZZZZZZZZZ,NULL,NULL,NULL,NULL,NULL
100944995,1,Person,ZZZZ,ZZZZZZZZZZZZ,ZZZZZZZZZZZZ,NULL,NULL,NULL,NULL,NULL
101051022,1,Person,ZZZZZZZZZZZZZZ,ZZZZZZZZZZZZ,ZZZZZZZZZZZZ,NULL,NULL,NULL,NULL,NULL
100942887,1,Person,ZZZZZZZ A P,ZZZZZZZZZZZROSE,ZZZZZZZZZZZROSE,NULL,NULL,NULL,NULL,NULL
100950019,1,Person,ZZZZZ,ZZZZZZZZZZZ,ZZZZZZZZZZZ,NULL,NULL,NULL,NULL,NULL
100944973,1,Person,ZZZZZ,ZZZZZZZZZZZ,ZZZZZZZZZZZ,NULL,NULL,NULL,NULL,NULL
101051016,1,Person,ZZZZZZZZZZZZZZZZZZZ,ZZZZZZZZZZZ,ZZZZZZZZZZZ,NULL,NULL,NULL,NULL,NULL
100950665,1,Person,ZZZZZZZZ,ZZZZZZZZZZZ,ZZZZZZZZZZZ,NULL,NULL,NULL,NULL,NULL
100937495,1,Person,ZZZZZZ,ZZZZZZZZZZ,ZZZZZZZZZZ,NULL,NULL,NULL,NULL,NULL
100946320,1,Person,ZZZZZZZZZZ,ZZZZZZZZZZ,ZZZZZZZZZZ,NULL,ZZZZZZZZZZZZZZZZZZZZZZZZZZZZZZZZZZZ,NULL,NULL,NULL
100940974,1,Person,ZZZZZZZZZZ,ZZZZZZZZZZ,ZZZZZZZZZZ,NULL,NULL,NULL,NULL,NULL
100939778,1,Person,ZZZZZZZZZZZZZ,ZZZZZZZZZZ,ZZZZZZZZZZ,NULL,NULL,NULL,NULL,NULL
100939866,1,Person,ZZZZZZZZZZ,ZZZZZZZZZZ,ZZZZZZZZZZ,NULL,NULL,NULL,NULL,NULL
100944487,1,Person,ZZZZZZZZZZZZ,ZZZZZZZZZZ,ZZZZZZZZZZ,NULL,NULL,NULL,NULL,NULL
100938520,1,Person,ZZZZZZZZ,ZZZZZZZZZZ,ZZZZZZZZZZ,NULL,NULL,NULL,NULL,NULL
100938427,1,Person,ZZZZZ,ZZZZZZZZZ,ZZZZZZZZZ,NULL,NULL,NULL,NULL,NULL
100937110,1,Person,ZZZZZZZZZZZZZZZZ,ZZZZZZZZZ,ZZZZZZZZZ,NULL,NULL,NULL,NULL,NULL
100946608,1,Person,ZZZZZZ,ZZZZZZZZZ,ZZZZZZZZZ,NULL,NULL,NULL,NULL,NULL
100943823,1,Person,ZZZZZZZZZZZZZZZZZZZ,ZZZZZZZZZ,ZZZZZZZZZ,NULL,NULL,NULL,NULL,NULL
100946936,1,Person,ZZZZZZZZZ,ZZZZZZZZZ,ZZZZZZZZZ,NULL,NULL,NULL,NULL,NULL
100949732,1,Person,ZZZZ,ZZZZZZZZZ,ZZZZZZZZZ,NULL,NULL,NULL,NULL,NULL
100949893,1,Person,ZZZZZZZZZ,ZZZZZZZZZ,ZZZZZZZZZ,NULL,NULL,NULL,NULL,NULL
100942182,1,Person,ZZZZZZZZZ,ZZZZZZZZZ,ZZZZZZZZZ,NULL,NULL,NULL,NULL,NULL
100942110,1,Person,ZZZZ,ZZZZZZZZZ,ZZZZZZZZZ,NULL,NULL,NULL,NULL,NULL
100951662,1,Person,ZZZZZZZZZZZ,ZZZZZZZZZ,ZZZZZZZZZ,NULL,NULL,NULL,NULL,NULL
100940242,1,Person,ZZZZ,ZZZZZZZZZ,ZZZZZZZZZ,NULL,NULL,NULL,NULL,NULL
100944893,1,Person,ZZZZZZ,ZZZZZZZZZ,ZZZZZZZZZ,NULL,NULL,NULL,NULL,NULL
100938897,1,Person,ZZZZZZZZ,ZZZZZZZZ,ZZZZZZZZ,NULL,NULL,NULL,NULL,NULL
100940233,1,Person,ZZZZZ,ZZZZZZZZ,ZZZZZZZZ,NULL,NULL,NULL,NULL,NULL
100937335,1,Person,ZZZZZZZZZ,ZZZZZZZZ,ZZZZZZZZ,NULL,NULL,NULL,NULL,NULL
100939602,1,Person,ZZZZZZZZZZZ,ZZZZZZZZ,ZZZZZZZZ,NULL,NULL,NULL,NULL,NULL
100938191,1,Person,ZZZZZZZZ,ZZZZZZZZ,ZZZZZZZZ,NULL,NULL,NULL,NULL,NULL
100951427,1,Person,ZZZZZ,ZZZZZZZZ,ZZZZZZZZ,NULL,NULL,NULL,NULL,NULL
100937624,1,Person,ZZZZZZZZ,ZZZZZZZZ,ZZZZZZZZ,NULL,NULL,NULL,NULL,NULL
100945301,1,Person,ZZZZZZZZZZZZZZZZZZZZZZZ,ZZZZZZZZ,ZZZZZZZZ,NULL,NULL,NULL,NULL,NULL
100944514,1,Person,ZZZZZZZZ,ZZZZZZZZ,ZZZZZZZZ,NULL,NULL,NULL,NULL,NULL
100949180,1,Person,ZZZZZZZZZZZZ,ZZZZZZZZ,ZZZZZZZZ,NULL,NULL,NULL,NULL,NULL
100950478,1,Person,ZZZZZZZZZZZZZZ,ZZZZZZZZ,ZZZZZZZZ,NULL,NULL,NULL,NULL,NULL
100950597,1,Person,ZZZZZ,ZZZZZZZ,ZZZZZZZ,NULL,NULL,NULL,NULL,NULL
100945938,1,Person,ZZZZZZZZZZZZZ,ZZZZZZZ,ZZZZZZZ,NULL,NULL,NULL,NULL,NULL
100946161,1,Person,ZZZZZZZZ ZZZZZZ,ZZZZZZZ,ZZZZZZZ,NULL,NULL,NULL,NULL,NULL
100944397,1,Person,ZZZZZZZ,ZZZZZZZ,ZZZZZZZ,NULL,NULL,NULL,NULL,NULL
100939909,1,Person,ZZZZZZZZZ,ZZZZZZZ,ZZZZZZZ,NULL,NULL,NULL,NULL,NULL
100948043,1,Person,ZZZZZZZZZZZZZZZZZZZZZZZZ,ZZZZZZZ,ZZZZZZZ,NULL,NULL,NULL,NULL,NULL
100937097,1,Person,ZZZZZZZZZZZZZ,ZZZZZZZ,ZZZZZZZ,NULL,NULL,NULL,NULL,NULL
100950816,1,Person,ZZZZZ,ZZZZZZZ,ZZZZZZZ,NULL,NULL,NULL,NULL,NULL
100950872,1,Person,ZZZZZZZZZZZZZZZZZZZ,ZZZZZZZ,ZZZZZZZ,NULL,NULL,NULL,NULL,NULL
100943922,1,Person,ZZZZZZ,ZZZZZZZ,ZZZZZZZ,NULL,NULL,NULL,NULL,NULL
100947944,1,Person,ZZZZZZZZZZZ,ZZZZZZZ,ZZZZZZZ,NULL,NULL,NULL,NULL,NULL
100942354,1,Person,ZZZZZZZ,ZZZZZZZ,ZZZZZZZ,NULL,NULL,NULL,NULL,NULL
100944206,1,Person,ZZZZZZZZZZZZZZ,ZZZZZZZ,ZZZZZZZ,NULL,NULL,NULL,NULL,NULL
100945592,1,Person,ZZZZZZZZZZZZZZZZZZZZZ,ZZZZZZZ,ZZZZZZZ,NULL,NULL,NULL,NULL,NULL
100948100,1,Person,ZZ,ZZZZZZZ,ZZZZZZZ,NULL,NULL,NULL,NULL,NULL
100951749,1,Person,ZZZZZZZZZY,ZZZZZZZ,ZZZZZZZ,NULL,NULL,NULL,NULL,NULL
100939607,1,Person,ZZZZZZ ZZZZZ ZZZZZZZ,ZZZZZZZ,ZZZZZZZ,NULL,NULL,NULL,NULL,NULL
100940980,1,Person,ZZZZZZZ,ZZZZZZZ,ZZZZZZZ,NULL,NULL,NULL,NULL,NULL
100940436,1,Person,ZZZZZZZZZZZZZZZ,ZZZZZZZ,ZZZZZZZ,NULL,NULL,NULL,NULL,NULL
100944987,1,Person,ZZZZZZZ,ZZZZZZZ,ZZZZZZZ,NULL,NULL,NULL,NULL,NULL
100943269,1,Person,ZZZZZZZ,ZZZZZZZ,ZZZZZZZ,NULL,NULL,NULL,NULL,NULL
100950024,1,Person,ZZZZZZZZZ,ZZZZZZZ,ZZZZZZZ,NULL,NULL,NULL,NULL,NULL
100948787,1,Person,ZZZZZ,ZZZZZZZ,ZZZZZZZ,NULL,NULL,NULL,NULL,NULL
100946420,1,Person,ZZZZZZZ,ZZZZZZZ,ZZZZZZZ,NULL,NULL,NULL,NULL,NULL
100946192,1,Person,ZZZZZZ,ZZZZZZ,ZZZZZZ,NULL,NULL,NULL,NULL,NULL
100946283,1,Person,ZZZZZZ,ZZZZZZ,ZZZZZZ,NULL,NULL,NULL,NULL,NULL
100948782,1,Person,ZZZZZZ,ZZZZZZ,ZZZZZZ,NULL,NULL,NULL,NULL,NULL
100946557,1,Person,ZZZZZZ,ZZZZZZ,ZZZZZZ,NULL,NULL,NULL,NULL,NULL
100948520,1,Person,ZZZZZZ,ZZZZZZ,ZZZZZZ,NULL,NULL,NULL,NULL,NULL
100948543,1,Person,ZZZZZZ,ZZZZZZ,ZZZZZZ,NULL,NULL,NULL,NULL,NULL
100948647,1,Person,ZZZZZZ,ZZZZZZ,ZZZZZZ,NULL,NULL,NULL,NULL,NULL
100951507,1,Person,ZZZZZZ,ZZZZZZ,ZZZZZZ,NULL,NULL,NULL,NULL,NULL
100950108,1,Person,ZZZZZZ,ZZZZZZ,ZZZZZZ,NULL,NULL,NULL,NULL,NULL
100950116,1,Person,ZZZZZZ,ZZZZZZ,ZZZZZZ,NULL,NULL,NULL,NULL,NULL
100951636,1,Person,ZZZZZZ,ZZZZZZ,ZZZZZZ,NULL,NULL,NULL,NULL,NULL
100951557,1,Person,ZZZZZZ,ZZZZZZ,ZZZZZZ,NULL,NULL,NULL,NULL,NULL
100951614,1,Person,ZZZZZZ,ZZZZZZ,ZZZZZZ,NULL,NULL,NULL,NULL,NULL
100951620,1,Person,ZZZZZZ,ZZZZZZ,ZZZZZZ,NULL,NULL,NULL,NULL,NULL
100943492,1,Person,ZZZZZZ,ZZZZZZ,ZZZZZZ,NULL,NULL,NULL,NULL,NULL
100944760,3,Group,ZZZZZZ,ZZZZZZ,ZZZZZZ,NULL,NULL,NULL,NULL,NULL
100944808,3,Group,ZZZZZZ,ZZZZZZ,ZZZZZZ,NULL,NULL,NULL,NULL,NULL
100944812,1,Person,ZZZZZZ,ZZZZZZ,ZZZZZZ,NULL,NULL,NULL,NULL,NULL
100937180,1,Person,ZZZZZZZZZZZZZZ,ZZZZZZ,ZZZZZZ,NULL,NULL,NULL,NULL,NULL
100944885,1,Person,ZZZZZZ,ZZZZZZ,ZZZZZZ,NULL,NULL,NULL,NULL,NULL
100940321,1,Person,ZZZZZZ,ZZZZZZ,ZZZZZZ,NULL,NULL,NULL,NULL,NULL
100941776,1,Person,ZZZZZZ,ZZZZZZ,ZZZZZZ,NULL,NULL,NULL,NULL,NULL
100941831,1,Person,ZZZZZZ,ZZZZZZ,ZZZZZZ,NULL,NULL,NULL,NULL,NULL
100941936,1,Person,ZZZZZZ,ZZZZZZ,ZZZZZZ,NULL,NULL,NULL,NULL,NULL
100943242,1,Person,ZZZZZZ,ZZZZZZ,ZZZZZZ,NULL,NULL,NULL,NULL,NULL
100940994,1,Person,ZZZZZZ,ZZZZZZ,ZZZZZZ,NULL,NULL,NULL,NULL,NULL
100941058,1,Person,ZZZZZZ,ZZZZZZ,ZZZZZZ,NULL,NULL,NULL,NULL,NULL
100940929,1,Person,ZZZZZ,ZZZZZZ,ZZZZZZ,NULL,NULL,NULL,NULL,NULL
100937908,1,Person,ZZZZZZ,ZZZZZZ,ZZZZZZ,NULL,NULL,NULL,NULL,NULL
100937949,1,Person,ZZZZZZ,ZZZZZZ,ZZZZZZ,NULL,NULL,NULL,NULL,NULL
100944035,1,Person,ZZZZZZ,ZZZZZZ,ZZZZZZ,NULL,NULL,NULL,NULL,NULL
100942453,1,Person,ZZZZZZ,ZZZZZZ,ZZZZZZ,NULL,NULL,NULL,NULL,NULL
100942471,1,Person,ZZZZZZ,ZZZZZZ,ZZZZZZ,NULL,NULL,NULL,NULL,NULL
100942507,1,Person,ZZZZZZ,ZZZZZZ,ZZZZZZ,NULL,NULL,NULL,NULL,NULL
100942549,1,Person,ZZZZZZ,ZZZZZZ,ZZZZZZ,NULL,NULL,NULL,NULL,NULL
100942722,1,Person,ZZZZZZ,ZZZZZZ,ZZZZZZ,NULL,NULL,NULL,NULL,NULL
100951705,1,Person,ZZZZZZ,ZZZZZZ,ZZZZZZ,NULL,NULL,NULL,NULL,NULL
100951709,1,Person,ZZZZZZ,ZZZZZZ,ZZZZZZ,NULL,NULL,NULL,NULL,NULL
100966775,1,Person,"ZZZZZZ  ",ZZZZZZ,ZZZZZZ,NULL,NULL,NULL,NULL,NULL
100938193,1,Person,ZZZZZZ,ZZZZZZ,ZZZZZZ,NULL,NULL,NULL,NULL,NULL
100939379,1,Person,ZZZZZZ,ZZZZZZ,ZZZZZZ,NULL,NULL,NULL,NULL,NULL
100939422,1,Person,ZZZZZZ,ZZZZZZ,ZZZZZZ,NULL,NULL,NULL,NULL,NULL
100939475,1,Person,ZZZZZZ,ZZZZZZ,ZZZZZZ,NULL,NULL,NULL,NULL,NULL
100939500,1,Person,ZZZZZZ,ZZZZZZ,ZZZZZZ,NULL,NULL,NULL,NULL,NULL
100939539,1,Person,ZZZZZZ,ZZZZZZ,ZZZZZZ,NULL,NULL,NULL,NULL,NULL
100948131,1,Person,ZZZZZZZZZZ,ZZZZZZ,ZZZZZZ,NULL,NULL,NULL,NULL,NULL
100948132,1,Person,ZZZZZZ,ZZZZZZ,ZZZZZZ,NULL,NULL,NULL,NULL,NULL
100945596,1,Person,ZZZZZZ,ZZZZZZ,ZZZZZZ,NULL,NULL,NULL,NULL,NULL
100945633,1,Person,ZZZZZZ,ZZZZZZ,ZZZZZZ,NULL,NULL,NULL,NULL,NULL
100945671,1,Person,ZZZZZZ,ZZZZZZ,ZZZZZZ,NULL,NULL,NULL,NULL,NULL
100945703,1,Person,ZZZZZZ,ZZZZZZ,ZZZZZZ,NULL,NULL,NULL,NULL,NULL
100945455,1,Person,ZZZZZZ,ZZZZZZ,ZZZZZZ,NULL,NULL,NULL,NULL,NULL
100942754,1,Person,ZZZZZZ,ZZZZZZ,ZZZZZZ,NULL,NULL,NULL,NULL,NULL
100944159,1,Person,ZZZZZZ,ZZZZZZ,ZZZZZZ,NULL,NULL,NULL,NULL,NULL
100944201,1,Person,ZZZZZZ,ZZZZZZ,ZZZZZZ,NULL,NULL,NULL,NULL,NULL
100949876,1,Person,ZZZZZZ,ZZZZZZ,ZZZZZZ,NULL,NULL,NULL,NULL,NULL
100949717,1,Person,ZZZZZZ,ZZZZZZ,ZZZZZZ,NULL,NULL,NULL,NULL,NULL
100947203,1,Person,ZZZZZZ,ZZZZZZ,ZZZZZZ,NULL,NULL,NULL,NULL,NULL
100947259,1,Person,ZZZZZZ,ZZZZZZ,ZZZZZZ,NULL,NULL,NULL,NULL,NULL
100948361,1,Person,ZZZZZZ,ZZZZZZ,ZZZZZZ,NULL,NULL,NULL,NULL,NULL
100948382,1,Person,ZZZZZZZ,ZZZZZZ,ZZZZZZ,NULL,NULL,NULL,NULL,NULL
100942149,1,Person,ZZZZZZ,ZZZZZZ,ZZZZZZ,NULL,NULL,NULL,NULL,NULL
100942156,1,Person,ZZZZZZ,ZZZZZZ,ZZZZZZ,NULL,NULL,NULL,NULL,NULL
100951106,1,Person,ZZZZZZ,ZZZZZZ,ZZZZZZ,NULL,NULL,NULL,NULL,NULL
100940866,1,Person,ZZZZZZ,ZZZZZZ,ZZZZZZ,NULL,NULL,NULL,NULL,NULL
100951188,1,Person,ZZZZZZZZZZZZZZZZ,ZZZZZZ,ZZZZZZ,NULL,NULL,NULL,NULL,NULL
100940757,1,Person,ZZZZZZZZZZZZZZZZZZZ,ZZZZZZ,ZZZZZZ,NULL,NULL,NULL,NULL,NULL
100940821,1,Person,ZZZZZZ,ZZZZZZ,ZZZZZZ,NULL,NULL,NULL,NULL,NULL
100937857,1,Person,ZZZZZZ,ZZZZZZ,ZZZZZZ,NULL,NULL,NULL,NULL,NULL
100937873,1,Person,ZZZZZZ,ZZZZZZ,ZZZZZZ,NULL,NULL,NULL,NULL,NULL
100939010,1,Person,ZZZZZZ,ZZZZZZ,ZZZZZZ,NULL,NULL,NULL,NULL,NULL
100939103,1,Person,ZZZZZZ,ZZZZZZ,ZZZZZZ,NULL,NULL,NULL,NULL,NULL
100939315,1,Person,ZZZZZZ,ZZZZZZ,ZZZZZZ,NULL,NULL,NULL,NULL,NULL
100939340,1,Person,ZZZZZZ,ZZZZZZ,ZZZZZZ,NULL,NULL,NULL,NULL,NULL
100939366,1,Person,ZZZZZZ,ZZZZZZ,ZZZZZZ,NULL,NULL,NULL,NULL,NULL
100940678,1,Person,ZZZZZZ,ZZZZZZ,ZZZZZZ,NULL,NULL,NULL,NULL,NULL
100948010,1,Person,ZZZZZZ,ZZZZZZ,ZZZZZZ,NULL,NULL,NULL,NULL,NULL
100948033,1,Person,ZZZZZZ,ZZZZZZ,ZZZZZZ,NULL,NULL,NULL,NULL,NULL
100947915,1,Person,ZZZZZZ,ZZZZZZ,ZZZZZZ,NULL,NULL,NULL,NULL,NULL
100949540,1,Person,ZZZZZZ,ZZZZZZ,ZZZZZZ,NULL,NULL,NULL,NULL,NULL
100949552,1,Person,ZZZZZZ,ZZZZZZ,ZZZZZZ,NULL,NULL,NULL,NULL,NULL
100947833,1,Person,ZZZZZZ,ZZZZZZ,ZZZZZZ,NULL,NULL,NULL,NULL,NULL
100947882,1,Person,ZZZZZZ,ZZZZZZ,ZZZZZZ,NULL,NULL,NULL,NULL,NULL
100946865,1,Person,ZZZZZZ,ZZZZZZ,ZZZZZZ,NULL,NULL,NULL,NULL,NULL
100946897,1,Person,ZZZZZZ,ZZZZZZ,ZZZZZZ,NULL,NULL,NULL,NULL,NULL
100945141,1,Person,ZZZZZZ,ZZZZZZ,ZZZZZZ,NULL,NULL,NULL,NULL,NULL
100943703,1,Person,ZZZZZZ,ZZZZZZ,ZZZZZZ,NULL,NULL,NULL,NULL,NULL
100946572,1,Person,ZZZZZZ,ZZZZZZ,ZZZZZZ,NULL,NULL,NULL,NULL,NULL
100946640,1,Person,ZZZZZZ,ZZZZZZ,ZZZZZZ,NULL,NULL,NULL,NULL,NULL
100946690,1,Person,ZZZZZZ,ZZZZZZ,ZZZZZZ,NULL,NULL,NULL,NULL,NULL
100943542,1,Person,ZZZZZZ,ZZZZZZ,ZZZZZZ,NULL,NULL,NULL,NULL,NULL
100950853,1,Person,ZZZZZZ,ZZZZZZ,ZZZZZZ,NULL,NULL,NULL,NULL,NULL
100950715,1,Person,ZZZZZZZZ,ZZZZZZ,ZZZZZZ,NULL,NULL,NULL,NULL,NULL
100950787,1,Person,ZZZZZZ,ZZZZZZ,ZZZZZZ,NULL,NULL,NULL,NULL,NULL
100950970,1,Person,ZZZZZZ,ZZZZZZ,ZZZZZZ,NULL,NULL,NULL,NULL,NULL
100951031,1,Person,ZZZZZZ,ZZZZZZ,ZZZZZZ,NULL,NULL,NULL,NULL,NULL
100938272,1,Person,ZZZZZZ,ZZZZZZ,ZZZZZZ,NULL,NULL,NULL,NULL,NULL
100938359,1,Person,ZZZZZZZZZZZZ,ZZZZZZ,ZZZZZZ,NULL,NULL,NULL,NULL,NULL
100938438,1,Person,ZZZZZZ,ZZZZZZ,ZZZZZZ,NULL,NULL,NULL,NULL,NULL
100938523,1,Person,ZZZZZZ,ZZZZZZ,ZZZZZZ,NULL,NULL,NULL,NULL,NULL
100940080,1,Person,ZZZZZZ,ZZZZZZ,ZZZZZZ,NULL,NULL,NULL,NULL,NULL
100942903,1,Person,ZZZZZZ,ZZZZZZ,ZZZZZZ,NULL,NULL,NULL,NULL,NULL
100942922,1,Person,ZZZZ,ZZZZZZ,ZZZZZZ,NULL,NULL,NULL,NULL,NULL
100938506,1,Person,ZZZZZZ,ZZZZZZ,ZZZZZZ,NULL,NULL,NULL,NULL,NULL
100941382,1,Person,ZZZZZZ,ZZZZZZ,ZZZZZZ,NULL,NULL,NULL,NULL,NULL
100944562,1,Person,ZZZZZZ,ZZZZZZ,ZZZZZZ,NULL,NULL,NULL,NULL,NULL
100944642,1,Person,ZZZZZZZZ,ZZZZZZ,ZZZZZZ,NULL,NULL,NULL,NULL,NULL
100944649,1,Person,ZZZZZZ,ZZZZZZ,ZZZZZZ,NULL,NULL,NULL,NULL,NULL
100947396,1,Person,ZZZZZZ,ZZZZZZ,ZZZZZZ,NULL,NULL,NULL,NULL,NULL
100945905,1,Person,ZZZZZZ,ZZZZZZ,ZZZZZZ,NULL,NULL,NULL,NULL,NULL
100945932,1,Person,ZZZZZZ,ZZZZZZ,ZZZZZZ,NULL,NULL,NULL,NULL,NULL
100945977,1,Person,ZZZZZZ,ZZZZZZ,ZZZZZZ,NULL,NULL,NULL,NULL,NULL
100946082,1,Person,ZZZZZZZZZZZ,ZZZZZZ,ZZZZZZ,NULL,NULL,NULL,NULL,NULL
100947684,1,Person,ZZZZZZ,ZZZZZZ,ZZZZZZ,NULL,NULL,NULL,NULL,NULL
100948998,1,Person,ZZZZZZ,ZZZZZZ,ZZZZZZ,NULL,NULL,NULL,NULL,NULL
100950522,1,Person,ZZZZZZ,ZZZZZZ,ZZZZZZ,NULL,NULL,NULL,NULL,NULL
100950579,1,Person,ZZZZZZ,ZZZZZZ,ZZZZZZ,NULL,NULL,NULL,NULL,NULL
100949116,1,Person,ZZZZZZ,ZZZZZZ,ZZZZZZ,NULL,NULL,NULL,NULL,NULL
100951842,1,Person,ZZZZZZ,ZZZZZZ,ZZZZZZ,NULL,NULL,NULL,NULL,NULL
100947498,1,Person,ZZZZZZZZZZZ,ZZZZZ,ZZZZZ,NULL,NULL,NULL,NULL,NULL
100938624,1,Person,ZZZZZZ,ZZZZZ,ZZZZZ,NULL,NULL,NULL,NULL,NULL
100938259,1,Person,ZZZZZZ,ZZZZZ,ZZZZZ,NULL,NULL,NULL,NULL,NULL
100937033,1,Person,ZZZZZ,ZZZZZ,ZZZZZ,NULL,NULL,NULL,NULL,NULL
100950703,1,Person,ZZZZZ,ZZZZZ,ZZZZZ,NULL,NULL,NULL,NULL,NULL
100950956,1,Person,ZZZZZ,ZZZZZ,ZZZZZ,NULL,NULL,NULL,NULL,NULL
100942381,1,Person,ZZZZZZZZZZZZZ,ZZZZZ,ZZZZZ,NULL,NULL,NULL,NULL,NULL
100943898,1,Person,ZZZZZZZ,ZZZZZ,ZZZZZ,NULL,NULL,NULL,NULL,NULL
100945524,1,Person,ZZZZZZZZ,ZZZZZ,ZZZZZ,NULL,NULL,NULL,NULL,NULL
100951814,1,Person,ZZZZZZZZZZZZZZ,ZZZZZ,ZZZZZ,NULL,NULL,NULL,NULL,NULL
100938035,1,Person,ZZZZZZZZZZZ,ZZZZZ,ZZZZZ,NULL,NULL,NULL,NULL,NULL
100941648,1,Person,ZZZZZZZZZ,ZZZZZ,ZZZZZ,NULL,NULL,NULL,NULL,NULL
100944712,1,Person,ZZZZZZZZZZZZZ,ZZZZZ,ZZZZZ,NULL,NULL,NULL,NULL,NULL
100946532,1,Person,ZZZZZZZ,ZZZZZ,ZZZZZ,NULL,NULL,NULL,NULL,NULL
100946368,1,Person,ZZZZ,ZZZZ,ZZZZ,NULL,NULL,NULL,NULL,NULL
100951626,1,Person,ZZZZZZ,ZZZZ,ZZZZ,NULL,NULL,NULL,NULL,NULL
100941070,1,Person,ZZZZZ,ZZZZ,ZZZZ,NULL,NULL,NULL,NULL,NULL
100943711,1,Person,ZZZZ,ZZZZ,ZZZZ,NULL,NULL,NULL,NULL,NULL
100937399,1,Person,Z,Z,Z,NULL,NULL,NULL,NULL,NULL
100947028,1,Person,XXXX,XXXXXXXXXXXXXXXXXXXXX,XXXXXXXXXXXXXXXX,NULL,NULL,NULL,NULL,NULL
100944942,3,Group,XXXXXXXXXXXX,XXXXXXXXXXXXXXXX,XXXXXXXXXXXXXXXX,NULL,XXXXXXXXXX,NULL,NULL,NULL
100938196,1,Person,XXXXX,XXXXXXXXXXXXXXX,XXXXXXXXXXXXXXX,NULL,NULL,NULL,NULL,NULL
100950410,1,Person,XXXXXX,XXXXXXXXXXXXXX,XXXXXXXXXXXXXX,NULL,NULL,NULL,NULL,NULL
100945920,1,Person,XXXX,XXXXXXXXXXXXX,XXXXXXXXXXXXX,NULL,NULL,NULL,NULL,NULL
100941322,1,Person,XXXXX,XXXXXXXXXXX,XXXXXXXXXXX,NULL,NULL,NULL,NULL,NULL
100946411,1,Person,XXXXXXX,XXXXXXXXXXX,XXXXXXXXXXX,NULL,NULL,NULL,NULL,NULL
100944071,1,Person,XXXXXXX,XXXXXXXXXX,XXXXXXXXXX,NULL,NULL,NULL,NULL,NULL
100983874,1,Person,XXXXXXXX,XXXXXXXXXN,XXXXXXXXXN,NULL,NULL,NULL,NULL,NULL
100945541,1,Person,XXXXXXXXXXX,XXXXXXXXX,XXXXXXXXX,NULL,NULL,NULL,NULL,NULL
100944716,1,Person,XXXX,XXXXXXXXX,XXXXXXXXX,NULL,NULL,NULL,NULL,NULL
100943535,1,Person,XXXXXXXXXXXXXXXXXXXX,XXXXXXXX,XXXXXXXX,NULL,NULL,NULL,NULL,NULL
100951680,1,Person,XXXXXXXXXXXXXXX,XXXXXXXX,XXXXXXXX,NULL,NULL,NULL,NULL,NULL
100946846,1,Person,XXXXX,XXXXXXXX,XXXXXXXX,NULL,NULL,NULL,NULL,NULL
100944408,1,Person,XXXXXXXXX,XXXXXXXX,XXXXXXXX,NULL,NULL,NULL,NULL,NULL
100950373,1,Person,XXXXXXXXX,XXXXXXXX,XXXXXXXX,NULL,NULL,NULL,NULL,NULL
100983810,1,Person,XXXXXXXXXXXXXXX,XXXXXXXX,XXXXXXXX,NULL,NULL,NULL,NULL,NULL
100951094,1,Person,XXXXX,XXXXXXX,XXXXXXX,NULL,NULL,NULL,NULL,NULL
100951475,1,Person,XXXXXXX,XXXXXXX,XXXXXXX,NULL,NULL,NULL,NULL,NULL
100948593,1,Person,XXXXXXX,XXXXXXX,XXXXXXX,NULL,NULL,NULL,NULL,NULL
100943408,1,Person,XXXXXXXXXXXXXXXXXX,XXXXXXX,XXXXXXX,NULL,NULL,NULL,NULL,NULL
100948205,1,Person,XXXXXXXXXXXXX,XXXXXXX,XXXXXXX,NULL,NULL,NULL,NULL,NULL
100938242,1,Person,XXXXXXXXXXX,XXXXXXX,XXXXXXX,NULL,NULL,NULL,NULL,NULL
100943930,1,Person,XXXXXXXXXXXX,XXXXXX,XXXXXX,NULL,NULL,NULL,NULL,NULL
100947281,1,Person,XXXX,XXXXXX,XXXXXX,NULL,NULL,NULL,NULL,NULL
100944855,1,Person,XXXXXX,XXXXXX,XXXXXX,NULL,NULL,NULL,NULL,NULL
100951533,1,Person,XXXXXX,XXXXXX,XXXXXX,NULL,NULL,NULL,NULL,NULL
100940856,1,Person,XXXX,XXXXXX,XXXXXX,NULL,NULL,NULL,NULL,NULL
100943911,1,Person,XXXXX,XXXXXX,XXXXXX,NULL,NULL,NULL,NULL,NULL
100946877,1,Person,XXXXXXXX,XXXXXX,XXXXXX,NULL,NULL,NULL,NULL,NULL
100949385,1,Person,XXXXXX,XXXXXX,XXXXXX,NULL,NULL,NULL,NULL,NULL
100984369,1,Person,XXXXXXXXX,XXXXXX,XXXXXX,NULL,NULL,NULL,NULL,NULL
100984372,1,Person,XXXXXXXXXXXXXXXX,XXXXXX,XXXXXX,NULL,NULL,NULL,NULL,NULL
100938448,1,Person,XXXXXX,XXXXXX,XXXXXX,NULL,NULL,NULL,NULL,NULL
101016888,1,Person,XXXXXXXXXXXXXXXXX,XXXXXX,XXXXXX,NULL,NULL,NULL,NULL,NULL
101055203,1,Person,XXXXX,XXXXX,XXXXX,NULL,NULL,NULL,NULL,NULL
100945822,1,Person,XXX,XXXXX,XXXXX,NULL,NULL,NULL,NULL,NULL
100942340,1,Person,XXXXXXX,XXXXX,XXXXX,NULL,NULL,NULL,NULL,NULL
100948632,1,Person,XXXXX,XXXXX,XXXXX,NULL,NULL,NULL,NULL,NULL
100941685,1,Person,XXXXXXXXXXXXXXXXXX,XXXXX,XXXXX,NULL,NULL,NULL,NULL,NULL
100943946,1,Person,XXXXXXX,XXXXX,XXXXX,NULL,NULL,NULL,NULL,NULL
100944062,1,Person,XXXXXXXXX,XXXXX,XXXXX,NULL,NULL,NULL,NULL,NULL
100946788,1,Person,XXXXXXXXXXXXXXX,XXXX,XXXX,NULL,NULL,NULL,NULL,NULL
100949016,1,Person,XXXXXXXX,XXXX,XXXX,NULL,NULL,NULL,NULL,NULL
100947651,1,Person,XXXXXXX,XXXX,XXXX,NULL,NULL,NULL,NULL,NULL
100947460,1,Person,XXX,XXX,XXX,NULL,NULL,NULL,NULL,NULL
100946919,1,Person,XXX,XXX,XXX,NULL,NULL,NULL,NULL,NULL
100942743,1,Person,XXX,XXX,XXX,NULL,NULL,NULL,NULL,NULL
101049482,1,Person,XXXXX,XXX,XXX,NULL,NULL,NULL,NULL,NULL
101016934,1,Person,XXXXX,XXX,XXX,NULL,NULL,NULL,NULL,NULL
100983820,1,Person,XXXXX,XXX,XXX,NULL,NULL,NULL,NULL,NULL
100945039,1,Person,XX DUP OF 657503X,XXSET UP IN ERROR,XXSETUPINERROR,NULL,NULL,NULL,NULL,NULL
100947905,1,Person,XXXXXXXXXXXXXXXXXXX,XXSET UP IN ERROR,XXSETUPINERROR,NULL,NULL,NULL,NULL,NULL
100945820,1,Person,XXXX,XX SET UP IN ERROR,XXSETUPINERROR,NULL,NULL,NULL,NULL,NULL
100940752,1,Person,XXXXXXXXXXXXXXX,XX DUPLICATE,XXDUPLICATE,NULL,NULL,NULL,NULL,NULL
100950134,1,Person,XXXXX,XX DUPLIATE,XXDUPLIATE,NULL,NULL,NULL,NULL,NULL
101537257,1,PERSON,XX,XX,XX,NULL,DR XX XX,NULL,NULL,NULL
101010571,1,Person,NULL,NULL,NULL,NULL,NULL,NULL,NULL,NULL
101411301,1,Person,NULL,NULL,NULL,NULL,NULL,NULL,NULL,NULL
101411303,1,Person,NULL,NULL,NULL,NULL,NULL,NULL,NULL,NULL
101411352,1,Person,NULL,NULL,NULL,NULL,NULL,NULL,NULL,NULL
101411431,1,Person,NULL,NULL,NULL,NULL,NULL,NULL,NULL,NULL
101414116,1,Person,NULL,NULL,NULL,NULL,NULL,NULL,NULL,NULL
101415681,1,Person,NULL,NULL,NULL,NULL,NULL,NULL,NULL,NULL
101415686,1,Person,NULL,NULL,NULL,NULL,NULL,NULL,NULL,NULL
101415689,1,Person,NULL,NULL,NULL,NULL,NULL,NULL,NULL,NULL
101438017,1,Person,NULL,NULL,NULL,NULL,NULL,NULL,NULL,NULL
101441550,1,Person,NULL,NULL,NULL,NULL,NULL,NULL,NULL,NULL
101482772,1,Person,NULL,NULL,NULL,NULL,NULL,NULL,NULL,NULL
101482780,1,Person,NULL,NULL,NULL,NULL,NULL,NULL,NULL,NULL
101482910,1,Person,NULL,NULL,NULL,NULL,NULL,NULL,NULL,NULL
101531307,1,Person,NULL,NULL,NULL,NULL,NULL,NULL,NULL,NULL
101055239,1,Person,NULL,NULL,NULL,NULL,NULL,NULL,NULL,NULL
101055517,1,Person,NULL,NULL,NULL,NULL,NULL,NULL,NULL,NULL
101413128,1,Person,NULL,NULL,NULL,NULL,NULL,NULL,NULL,NULL
101413132,1,Person,NULL,NULL,NULL,NULL,NULL,NULL,NULL,NULL
101413137,1,Person,NULL,NULL,NULL,NULL,NULL,NULL,NULL,NULL
101413141,1,Person,NULL,NULL,NULL,NULL,NULL,NULL,NULL,NULL
101413211,1,Person,NULL,NULL,NULL,NULL,NULL,NULL,NULL,NULL
101414432,1,Person,NULL,NULL,NULL,NULL,NULL,NULL,NULL,NULL
101414438,1,Person,NULL,NULL,NULL,NULL,NULL,NULL,NULL,NULL
101414439,1,Person,NULL,NULL,NULL,NULL,NULL,NULL,NULL,NULL
101414534,1,Person,NULL,NULL,NULL,NULL,NULL,NULL,NULL,NULL
101414541,1,Person,NULL,NULL,NULL,NULL,NULL,NULL,NULL,NULL
101414559,1,Person,NULL,NULL,NULL,NULL,NULL,NULL,NULL,NULL
101439562,1,Person,NULL,NULL,NULL,NULL,NULL,NULL,NULL,NULL
101483121,1,Person,NULL,NULL,NULL,NULL,NULL,NULL,NULL,NULL
101483155,1,Person,NULL,NULL,NULL,NULL,NULL,NULL,NULL,NULL
101483160,1,Person,NULL,NULL,NULL,NULL,NULL,NULL,NULL,NULL
101483212,1,Person,NULL,NULL,NULL,NULL,NULL,NULL,NULL,NULL
101491162,1,Person,NULL,NULL,NULL,NULL,NULL,NULL,NULL,NULL
101505110,1,Person,NULL,NULL,NULL,NULL,NULL,NULL,NULL,NULL
101505116,1,Person,NULL,NULL,NULL,NULL,NULL,NULL,NULL,NULL
101515798,1,Person,NULL,NULL,NULL,NULL,NULL,NULL,NULL,NULL
101051642,1,Person,NULL,NULL,NULL,NULL,NULL,NULL,NULL,NULL
101051668,3,GROUP,NULL,NULL,NULL,NULL,NULL,NULL,NULL,NULL
101053839,3,Group,NULL,NULL,NULL,NULL,NULL,NULL,NULL,NULL
100989800,1,Person,NULL,NULL,NULL,NULL,NULL,NULL,NULL,NULL
100996250,1,Person,NULL,NULL,NULL,NULL,NULL,NULL,NULL,NULL
101007053,1,Person,NULL,NULL,NULL,NULL,NULL,NULL,NULL,NULL
101007056,1,Person,NULL,NULL,NULL,NULL,NULL,NULL,NULL,NULL
101011465,1,Person,NULL,NULL,NULL,NULL,NULL,NULL,NULL,NULL
101017513,1,Person,NULL,NULL,NULL,NULL,NULL,NULL,NULL,NULL
101017616,1,Person,NULL,NULL,NULL,NULL,NULL,NULL,NULL,NULL
101017676,1,Person,NULL,NULL,NULL,NULL,NULL,NULL,NULL,NULL
101017734,1,Person,NULL,NULL,NULL,NULL,NULL,NULL,NULL,NULL
101019165,1,Person,NULL,NULL,NULL,NULL,NULL,NULL,NULL,NULL
101019282,1,Person,NULL,NULL,NULL,NULL,NULL,NULL,NULL,NULL
101019462,1,Person,NULL,NULL,NULL,NULL,NULL,NULL,NULL,NULL
101021517,1,Person,NULL,NULL,NULL,NULL,NULL,NULL,NULL,NULL
101021917,1,Person,NULL,NULL,NULL,NULL,NULL,NULL,NULL,NULL
101025786,1,Person,NULL,NULL,NULL,NULL,NULL,NULL,NULL,NULL
101027552,1,Person,NULL,NULL,NULL,NULL,NULL,NULL,NULL,NULL
101029471,1,Person,NULL,NULL,NULL,NULL,NULL,NULL,NULL,NULL
101030829,1,Person,NULL,NULL,NULL,NULL,NULL,NULL,NULL,NULL
101030859,1,Person,NULL,NULL,NULL,NULL,NULL,NULL,NULL,NULL
101030998,1,Person,NULL,NULL,NULL,NULL,NULL,NULL,NULL,NULL
101031638,1,Person,NULL,NULL,NULL,NULL,NULL,NULL,NULL,NULL
101031973,3,GROUP,NULL,NULL,NULL,NULL,NULL,NULL,NULL,NULL
101034976,1,Person,NULL,NULL,NULL,NULL,NULL,NULL,NULL,NULL
101035021,1,Person,NULL,NULL,NULL,NULL,NULL,NULL,NULL,NULL
101035132,1,Person,NULL,NULL,NULL,NULL,NULL,NULL,NULL,NULL
101036647,1,Person,NULL,NULL,NULL,NULL,NULL,NULL,NULL,NULL
101036955,1,Person,NULL,NULL,NULL,NULL,NULL,NULL,NULL,NULL
101038412,3,Group,NULL,NULL,NULL,NULL,NULL,NULL,NULL,NULL
101038439,1,Person,NULL,NULL,NULL,NULL,NULL,NULL,NULL,NULL
101039832,3,GROUP,NULL,NULL,NULL,NULL,NULL,NULL,NULL,NULL
101039904,1,Person,NULL,NULL,NULL,NULL,NULL,NULL,NULL,NULL
101039924,1,Person,NULL,NULL,NULL,NULL,NULL,NULL,NULL,NULL
101039993,1,Person,NULL,NULL,NULL,NULL,NULL,NULL,NULL,NULL
101041647,3,Group,NULL,NULL,NULL,NULL,NULL,NULL,NULL,NULL
101043105,1,Person,NULL,NULL,NULL,NULL,NULL,NULL,NULL,NULL
101043206,3,Group,NULL,NULL,NULL,NULL,NULL,NULL,NULL,NULL
101043208,1,Person,NULL,NULL,NULL,NULL,NULL,NULL,NULL,NULL
101043210,3,GROUP,NULL,NULL,NULL,NULL,NULL,NULL,NULL,NULL
101043219,3,GROUP,NULL,NULL,NULL,NULL,NULL,NULL,NULL,NULL
101043240,3,GROUP,NULL,NULL,NULL,NULL,NULL,NULL,NULL,NULL
101054278,1,Person,NULL,NULL,NULL,NULL,NULL,NULL,NULL,NULL
101054596,1,Person,NULL,NULL,NULL,NULL,NULL,NULL,NULL,NULL
101056339,1,Person,NULL,NULL,NULL,NULL,NULL,NULL,NULL,NULL
101057887,1,Person,NULL,NULL,NULL,NULL,NULL,NULL,NULL,NULL
101411907,1,Person,NULL,NULL,NULL,NULL,NULL,NULL,NULL,NULL
101411910,1,Person,NULL,NULL,NULL,NULL,NULL,NULL,NULL,NULL
101411915,1,Person,NULL,NULL,NULL,NULL,NULL,NULL,NULL,NULL
101411917,1,Person,NULL,NULL,NULL,NULL,NULL,NULL,NULL,NULL
101411921,1,Person,NULL,NULL,NULL,NULL,NULL,NULL,NULL,NULL
101411922,1,Person,NULL,NULL,NULL,NULL,NULL,NULL,NULL,NULL
101411959,1,Person,NULL,NULL,NULL,NULL,NULL,NULL,NULL,NULL
101412061,1,Person,NULL,NULL,NULL,NULL,NULL,NULL,NULL,NULL
101415050,1,Person,NULL,NULL,NULL,NULL,NULL,NULL,NULL,NULL
101415051,1,Person,NULL,NULL,NULL,NULL,NULL,NULL,NULL,NULL
101415055,1,Person,NULL,NULL,NULL,NULL,NULL,NULL,NULL,NULL
101415069,1,Person,NULL,NULL,NULL,NULL,NULL,NULL,NULL,NULL
101443170,1,Person,NULL,NULL,NULL,NULL,NULL,NULL,NULL,NULL
101483908,1,Person,NULL,NULL,NULL,NULL,NULL,NULL,NULL,NULL
101483955,1,Person,NULL,NULL,NULL,NULL,NULL,NULL,NULL,NULL
101483965,1,Person,NULL,NULL,NULL,NULL,NULL,NULL,NULL,NULL
101483984,1,Person,NULL,NULL,NULL,NULL,NULL,NULL,NULL,NULL
101483985,1,Person,NULL,NULL,NULL,NULL,NULL,NULL,NULL,NULL
101487572,1,Person,NULL,NULL,NULL,NULL,NULL,NULL,NULL,NULL
101015322,1,Person,NULL,NULL,NULL,NULL,NULL,NULL,NULL,NULL
101017127,1,Person,NULL,NULL,NULL,NULL,NULL,NULL,NULL,NULL
101017128,1,Person,NULL,NULL,NULL,NULL,NULL,NULL,NULL,NULL
101017138,1,Person,NULL,NULL,NULL,NULL,NULL,NULL,NULL,NULL
101017144,1,Person,NULL,NULL,NULL,NULL,NULL,NULL,NULL,NULL
101017263,1,Person,NULL,NULL,NULL,NULL,NULL,NULL,NULL,NULL
101017268,1,Person,NULL,NULL,NULL,NULL,NULL,NULL,NULL,NULL
101017283,1,Person,NULL,NULL,NULL,NULL,NULL,NULL,NULL,NULL
101017306,1,Person,NULL,NULL,NULL,NULL,NULL,NULL,NULL,NULL
101017321,1,Person,NULL,NULL,NULL,NULL,NULL,NULL,NULL,NULL
101018938,1,Person,NULL,NULL,NULL,NULL,NULL,NULL,NULL,NULL
101019037,1,Person,NULL,NULL,NULL,NULL,NULL,NULL,NULL,NULL
101019047,1,Person,NULL,NULL,NULL,NULL,NULL,NULL,NULL,NULL
101023538,1,Person,NULL,NULL,NULL,NULL,NULL,NULL,NULL,NULL
101023606,1,Person,NULL,NULL,NULL,NULL,NULL,NULL,NULL,NULL
101023640,1,Person,NULL,NULL,NULL,NULL,NULL,NULL,NULL,NULL
101028497,1,Person,NULL,NULL,NULL,NULL,NULL,NULL,NULL,NULL
101030518,1,Person,NULL,NULL,NULL,NULL,NULL,NULL,NULL,NULL
101030519,1,Person,NULL,NULL,NULL,NULL,NULL,NULL,NULL,NULL
101030549,1,Person,NULL,NULL,NULL,NULL,NULL,NULL,NULL,NULL
101032170,1,Person,NULL,NULL,NULL,NULL,NULL,NULL,NULL,NULL
101032171,1,Person,NULL,NULL,NULL,NULL,NULL,NULL,NULL,NULL
101032304,3,Group,NULL,NULL,NULL,NULL,NULL,NULL,NULL,NULL
101034067,1,Person,NULL,NULL,NULL,NULL,NULL,NULL,NULL,NULL
101034081,1,Person,NULL,NULL,NULL,NULL,NULL,NULL,NULL,NULL
101035569,1,Person,NULL,NULL,NULL,NULL,NULL,NULL,NULL,NULL
101035672,1,Person,NULL,NULL,NULL,NULL,NULL,NULL,NULL,NULL
101037145,1,Person,NULL,NULL,NULL,NULL,NULL,NULL,NULL,NULL
101038787,1,Person,NULL,NULL,NULL,NULL,NULL,NULL,NULL,NULL
101039699,1,Person,NULL,NULL,NULL,NULL,NULL,NULL,NULL,NULL
101042255,3,GROUP,NULL,NULL,NULL,NULL,NULL,NULL,NULL,NULL
101042305,3,GROUP,NULL,NULL,NULL,NULL,NULL,NULL,NULL,NULL
101042311,3,GROUP,NULL,NULL,NULL,NULL,NULL,NULL,NULL,NULL
101042313,1,Person,NULL,NULL,NULL,NULL,NULL,NULL,NULL,NULL
101042359,3,GROUP,NULL,NULL,NULL,NULL,NULL,NULL,NULL,NULL
101042385,3,GROUP,NULL,NULL,NULL,NULL,NULL,NULL,NULL,NULL
101042440,3,GROUP,NULL,NULL,NULL,NULL,NULL,NULL,NULL,NULL
101019484,1,Person,NULL,NULL,NULL,NULL,NULL,NULL,NULL,NULL
101019505,1,Person,NULL,NULL,NULL,NULL,NULL,NULL,NULL,NULL
101019582,1,Person,NULL,NULL,NULL,NULL,NULL,NULL,NULL,NULL
101019631,1,Person,NULL,NULL,NULL,NULL,NULL,NULL,NULL,NULL
101019845,1,Person,NULL,NULL,NULL,NULL,NULL,NULL,NULL,NULL
101020663,1,Person,NULL,NULL,NULL,NULL,NULL,NULL,NULL,NULL
101024868,1,Person,NULL,NULL,NULL,NULL,NULL,NULL,NULL,NULL
101026636,3,GROUP,NULL,NULL,NULL,NULL,NULL,NULL,NULL,NULL
101026897,1,Person,NULL,NULL,NULL,NULL,NULL,NULL,NULL,NULL
101028021,1,Person,NULL,NULL,NULL,NULL,NULL,NULL,NULL,NULL
101028046,1,Person,NULL,NULL,NULL,NULL,NULL,NULL,NULL,NULL
101028145,1,Person,NULL,NULL,NULL,NULL,NULL,NULL,NULL,NULL
101029554,1,Person,NULL,NULL,NULL,NULL,NULL,NULL,NULL,NULL
101032606,1,Person,NULL,NULL,NULL,NULL,NULL,NULL,NULL,NULL
101034222,1,Person,NULL,NULL,NULL,NULL,NULL,NULL,NULL,NULL
101034227,3,GROUP,NULL,NULL,NULL,NULL,NULL,NULL,NULL,NULL
101037426,1,Person,NULL,NULL,NULL,NULL,NULL,NULL,NULL,NULL
101037427,1,Person,NULL,NULL,NULL,NULL,NULL,NULL,NULL,NULL
101037593,1,Person,NULL,NULL,NULL,NULL,NULL,NULL,NULL,NULL
101039322,3,Group,NULL,NULL,NULL,NULL,NULL,NULL,NULL,NULL
101049864,1,Person,NULL,NULL,NULL,NULL,NULL,NULL,NULL,NULL
101049883,1,Person,NULL,NULL,NULL,NULL,NULL,NULL,NULL,NULL
101054816,1,Person,NULL,NULL,NULL,NULL,NULL,NULL,NULL,NULL
101054884,1,Person,NULL,NULL,NULL,NULL,NULL,NULL,NULL,NULL
101054980,1,Person,NULL,NULL,NULL,NULL,NULL,NULL,NULL,NULL
101056378,1,Person,NULL,NULL,NULL,NULL,NULL,NULL,NULL,NULL
101412502,1,Person,NULL,NULL,NULL,NULL,NULL,NULL,NULL,NULL
101412535,1,Person,NULL,NULL,NULL,NULL,NULL,NULL,NULL,NULL
101412574,1,Person,NULL,NULL,NULL,NULL,NULL,NULL,NULL,NULL
101413751,1,Person,NULL,NULL,NULL,NULL,NULL,NULL,NULL,NULL
101413757,1,Person,NULL,NULL,NULL,NULL,NULL,NULL,NULL,NULL
101413761,1,Person,NULL,NULL,NULL,NULL,NULL,NULL,NULL,NULL
101413763,1,Person,NULL,NULL,NULL,NULL,NULL,NULL,NULL,NULL
101413764,1,Person,NULL,NULL,NULL,NULL,NULL,NULL,NULL,NULL
101413801,1,Person,NULL,NULL,NULL,NULL,NULL,NULL,NULL,NULL
101413834,1,Person,NULL,NULL,NULL,NULL,NULL,NULL,NULL,NULL
101445723,1,Person,NULL,NULL,NULL,NULL,NULL,NULL,NULL,NULL
101513880,1,Person,NULL,NULL,NULL,NULL,NULL,NULL,NULL,NULL
100969746,1,Person,NULL,NULL,NULL,NULL,NULL,NULL,NULL,NULL
100969820,1,Person,NULL,NULL,NULL,NULL,NULL,NULL,NULL,NULL
100969918,1,Person,NULL,NULL,NULL,NULL,NULL,NULL,NULL,NULL
100969933,1,Person,NULL,NULL,NULL,NULL,NULL,NULL,NULL,NULL
100969960,1,Person,NULL,NULL,NULL,NULL,NULL,NULL,NULL,NULL
100970006,1,Person,NULL,NULL,NULL,NULL,NULL,NULL,NULL,NULL
100970034,1,Person,NULL,NULL,NULL,NULL,NULL,NULL,NULL,NULL
101002060,1,Person,NULL,NULL,NULL,NULL,NULL,NULL,NULL,NULL
101009868,1,Person,NULL,NULL,NULL,NULL,NULL,NULL,NULL,NULL
101012269,1,Person,NULL,NULL,NULL,NULL,NULL,NULL,NULL,NULL
101014392,1,Person,NULL,NULL,NULL,NULL,NULL,NULL,NULL,NULL
101023181,3,GROUP,NULL,NULL,NULL,NULL,NULL,NULL,NULL,NULL
101024673,1,Person,NULL,NULL,NULL,NULL,NULL,NULL,NULL,NULL
101024857,1,Person,NULL,NULL,NULL,NULL,NULL,NULL,NULL,NULL
101030239,1,Person,NULL,NULL,NULL,NULL,NULL,NULL,NULL,NULL
101030313,1,Person,NULL,NULL,NULL,NULL,NULL,NULL,NULL,NULL
101032895,1,Person,NULL,NULL,NULL,NULL,NULL,NULL,NULL,NULL
101033053,1,Person,NULL,NULL,NULL,NULL,NULL,NULL,NULL,NULL
101033080,1,Person,NULL,NULL,NULL,NULL,NULL,NULL,NULL,NULL
101034717,1,Person,NULL,NULL,NULL,NULL,NULL,NULL,NULL,NULL
101034858,1,Person,NULL,NULL,NULL,NULL,NULL,NULL,NULL,NULL
101036229,1,Person,NULL,NULL,NULL,NULL,NULL,NULL,NULL,NULL
101036400,3,Group,NULL,NULL,NULL,NULL,NULL,NULL,NULL,NULL
101036488,1,Person,NULL,NULL,NULL,NULL,NULL,NULL,NULL,NULL
101037845,1,Person,NULL,NULL,NULL,NULL,NULL,NULL,NULL,NULL
101037883,1,Person,NULL,NULL,NULL,NULL,NULL,NULL,NULL,NULL
101038082,1,Person,NULL,NULL,NULL,NULL,NULL,NULL,NULL,NULL
101038108,1,Person,NULL,NULL,NULL,NULL,NULL,NULL,NULL,NULL
101038138,1,Person,NULL,NULL,NULL,NULL,NULL,NULL,NULL,NULL
100970153,1,Person,NULL,NULL,NULL,NULL,NULL,NULL,NULL,NULL
100970245,1,Person,NULL,NULL,NULL,NULL,NULL,NULL,NULL,NULL
100970285,1,Person,NULL,NULL,NULL,NULL,NULL,NULL,NULL,NULL
100970342,1,Person,NULL,NULL,NULL,NULL,NULL,NULL,NULL,NULL
100970346,1,Person,NULL,NULL,NULL,NULL,NULL,NULL,NULL,NULL
100970350,1,Person,NULL,NULL,NULL,NULL,NULL,NULL,NULL,NULL
100970360,1,Person,NULL,NULL,NULL,NULL,NULL,NULL,NULL,NULL
100970363,1,Person,NULL,NULL,NULL,NULL,NULL,NULL,NULL,NULL
100970381,1,Person,NULL,NULL,NULL,NULL,NULL,NULL,NULL,NULL
100970400,1,Person,NULL,NULL,NULL,NULL,NULL,NULL,NULL,NULL
100970458,1,Person,NULL,NULL,NULL,NULL,NULL,NULL,NULL,NULL
100968604,1,Person,NULL,NULL,NULL,NULL,NULL,NULL,NULL,NULL
100968684,1,Person,NULL,NULL,NULL,NULL,NULL,NULL,NULL,NULL
100968727,1,Person,NULL,NULL,NULL,NULL,NULL,NULL,NULL,NULL
100968773,1,Person,NULL,NULL,NULL,NULL,NULL,NULL,NULL,NULL
100968840,1,Person,NULL,NULL,NULL,NULL,NULL,NULL,NULL,NULL
100968886,1,Person,NULL,NULL,NULL,NULL,NULL,NULL,NULL,NULL
100969483,1,Person,NULL,NULL,NULL,NULL,NULL,NULL,NULL,NULL
100969484,1,Person,NULL,NULL,NULL,NULL,NULL,NULL,NULL,NULL
100969528,1,Person,NULL,NULL,NULL,NULL,NULL,NULL,NULL,NULL
100969668,1,Person,NULL,NULL,NULL,NULL,NULL,NULL,NULL,NULL
100969687,1,Person,NULL,NULL,NULL,NULL,NULL,NULL,NULL,NULL
100971207,1,Person,NULL,NULL,NULL,NULL,NULL,NULL,NULL,NULL
100971208,1,Person,NULL,NULL,NULL,NULL,NULL,NULL,NULL,NULL
100989207,1,Person,NULL,NULL,NULL,NULL,NULL,NULL,NULL,NULL
100991063,1,Person,NULL,NULL,NULL,NULL,NULL,NULL,NULL,NULL
100997366,1,Person,NULL,NULL,NULL,NULL,NULL,NULL,NULL,NULL
101001704,1,Person,NULL,NULL,NULL,NULL,NULL,NULL,NULL,NULL
101003610,1,Person,NULL,NULL,NULL,NULL,NULL,NULL,NULL,NULL
101003752,1,Person,NULL,NULL,NULL,NULL,NULL,NULL,NULL,NULL
101006310,1,Person,NULL,NULL,NULL,NULL,NULL,NULL,NULL,NULL
100997283,1,Person,NULL,NULL,NULL,NULL,NULL,NULL,NULL,NULL
101002994,1,Person,NULL,NULL,NULL,NULL,NULL,NULL,NULL,NULL
101003259,1,Person,NULL,NULL,NULL,NULL,NULL,NULL,NULL,NULL
101005289,1,Person,NULL,NULL,NULL,NULL,NULL,NULL,NULL,NULL
101009460,1,Person,NULL,NULL,NULL,NULL,NULL,NULL,NULL,NULL
100969071,1,Person,NULL,NULL,NULL,NULL,NULL,NULL,NULL,NULL
100969107,1,Person,NULL,NULL,NULL,NULL,NULL,NULL,NULL,NULL
100969160,1,Person,NULL,NULL,NULL,NULL,NULL,NULL,NULL,NULL
100969184,1,Person,NULL,NULL,NULL,NULL,NULL,NULL,NULL,NULL
100969287,1,Person,NULL,NULL,NULL,NULL,NULL,NULL,NULL,NULL
100970701,1,Person,NULL,NULL,NULL,NULL,NULL,NULL,NULL,NULL
